,Name,URL
0,Access Community Health Limited,"['access.org.nz', 'achn.net', 'accesscommunityhealthcenters.org', 'accesschc.org']"
1,Accessible Properties New Zealand Limited,['']
2,Accident Compensation Corporation (ACC),['']
3,Accordant Group Limited,['']
4,Adserve Limited,"['adserve.com', 'adserverplugins.com', 'adserver.online', 'adserve.com.sa', 'admedicos.com']"
5,Advanced Personnel Services Limited,['']
6,AFFCO Group Management Limited ,['']
7,AFFCO Holdings Limited,['affco.co.nz']
8,AFFCO Meat Processors Limited,['']
9,AFFCO Meats Limited,['']
10,AFFCO New Zealand Limited,['']
11,Air Nelson Limited,['']
12,Air New Zealand Associated Companies Limited,['']
13,Air New Zealand Express Limited,['']
14,Air New Zealand Limited ,"['airnewzealand.com', 'airnewzealand.co.nz', 'airnewzealand.com.au', 'airnewzealand.com.sg', 'airnewzealand.co.uk']"
15,Air New Zealand Regional Maintenance Limited,['']
16,Alliance Group Limited,"['alliance.co.nz', 'agusa.com', 'thealliancegroup.com.au', 'alliancegroupllc.com', 'alliancegroup.com.uy']"
17,Allied Bulk Limited,['']
18,Allied Concrete Limited,"['alliedconcrete.co.nz', 'alliedconcretesystems.com', 'alliedconcretecutting.com.au', 'alliedconcrete.com', 'alliedconcretecutters.co.nz']"
19,Allied Foods (N.Z.) Limited,['afe.com.my']
20,Allied Petroleum Limited,"['alliedpetroleum.co.nz', 'alliedpetroleum.com.pk']"
21,Alsco Investments NZ,['']
22,Alsco NZ,"['als.com', 'alsco.com', 'als.com.vn', 'alscorreduria.es', 'alconcrete1.com']"
23,Altus NZ Limited,"['altusshooting.com', 'altusgroup.com', 'altushost.com', 'altusintervention.com', 'altusmarketresearch.com']"
24,AML Limited,"['amlegal.com', 'amli.com', 'amleo.com', 'amlu.com', 'amle.org']"
25,Andrews Transport Limited,['andrews-transport.com']
26,Anthony Wilding Retirement Village Limited,['']
27,ANZ Bank New Zealand Limited,['anznational.co.nz']
28,ANZ New Zealand Investments Limited,['']
29,Approach Signs Limited,['approachsigns.co.nz']
30,Archibald & Shorter North Shore limited,"['archibald.bio', 'archibald-abraham.com', 'archibald.be', 'archibaldconseil.com', 'archibald-immobilier.com']"
31,Archibald & Shorter Roverland Limited ,"['archibald.bio', 'archibald-abraham.com', 'archibald.be', 'archibaldconseil.com', 'archibald-immobilier.com']"
32,Aria Bay Senior Living Limited,['']
33,Aria Gardens Limited,['']
34,Aria Park Senior Living Limited ,['']
35,Arvida Group Limited,['']
36,Arvida Limited,"['arvida.co.nz', 'primerolafamilia.com.ar', 'arvida.com.mx', 'arvidalracing.com', 'arvidandersson.se']"
37,Asaleo Care Limited,['asaleocare.com']
38,ASB Bank Limited,['asb.co.nz']
39,Ashwood Park Lifecare (2012) Limited ,['']
40,Auckland Council,"['aucklandcouncil.govt.nz', 'aucklandleisure.co.nz', 'endlesspossibilities.co.nz', 'aucklandforever.co.nz']"
41,Auckland Meat Processors Limited,['']
42,Auckland Uniservices Limited,['']
43,Auckland Vehicle Deliveries Limited,['']
44,AWF Limited,"['awfulannouncing.com', 'awfarlak.com', 'awf.org', 'awfis.com', 'awfatech.com']"
45,Bank of New Zealand,['bnz.co.nz']
46,Bert Sutcliffe Retirement Village Limited,['']
47,Best Start Educare Limited,['beststarteducare.co.nz']
48,Beststart Educare Services Limited,['']
49,Bethlehem Country Club Village Limited,['']
50,Bethlehem Shores Retirement Village Limited,['']
51,Bidfood Limited,"['bidfood.nl', 'bidfood.co.uk', 'bidfood.co.za', 'bidfood.com.tr', 'solegraells.com']"
52,Bob Owens Retirement Village Limited,['']
53,Bob Scott Retirement Village Limited,['']
54,British Vehicle Importers Limited,['']
55,Bruce McLaren Retirement Village Limited ,['']
56,Building Prefabrication Solutions Limited,['']
57,Building Supplies Distribution Limited,['']
58,Bunnings Limited,"['bunnings.com.au', 'bunnings.co.nz', 'colonnades.com.au', 'bunnings.com']"
59,Bupa Care Services NZ Limited,['']
60,C-Dax Limited,"['cdax.im', 'cdax.ch', 'cdax.io', 'cdaxforex.com', 'cdax.ca']"
61,Canpac International Limited,['']
62,Car Haulaways Limited,['']
63,Carter Holt Harvey Building Products Limited,['']
64,Carter Holt Harvey LVL Limited ,['']
65,Carter Holt Harvey Plywood Limited,['']
66,Carters Building Supplies Limited ,['carters.co.nz']
67,Castle Parcels Limited,['castleparcels.co.nz']
68,Charles Fleming Retirement Village Limited,['']
69,Charles Upham Retirement Village Limited,['']
70,Choices New Zealand Limited,['']
71,Christchurch City Council,['ccc.govt.nz']
72,Chubb New Zealand,['']
73,City Care Limited ,"['citycare.com.tw', 'citycareokc.org', 'citycare.dk', 'citycare-itn.eu', 'citycareinc.org']"
74,Cityline (NZ) Limited,"['cityline.com', 'cityline.tv', 'citylinecycles.net', 'citylineusa.com', 'citylinekidsmusic.com']"
75,Cleaver Building Supplies Limited,['']
76,Clever Core New Zealand Limited,['']
77,CMP Canterbury Limited,['']
78,CMP Kokiri Limited,['']
79,CMP Marlborough Limited,['']
80,CMP Rakaia Limited,['']
81,CMP Rangitikei Limited,['']
82,Compass Group New Zealand Limited,['']
83,Copper Crest Living Well Limited,['']
84,Daily Freight (1994) Limited,"['dailyfreight.co.nz', 'dailyfreight.com']"
85,Datacom Connect Limited,"['datacomconnect.com', 'datacomconnections.com']"
86,Datacom Data Centres Limited,['']
87,Datacom Group Limited,['datacom.mn']
88,Datacom Holdings Limited,['']
89,Datacom New Zealand Limited,['']
90,Datacom Solutions Limited,"['datacomusa.net', 'datacomsolutions.com', 'datacomsolutions.ca', '4datacom.net']"
91,Datacom Systems Limited,"['datacomsystems.com', 'datacomcolumbia.com']"
92,Datam Limited,"['dataminr.com', 'datamyne.com', 'dataminer.io', 'datamaxx.com', 'datamerch.com']"
93,DEKRA New Zealand Limited,['']
94,Department of Conservation,['doc.govt.nz']
95,Department of Corrections,['corrections.govt.nz']
96,Dialog Fitzroy Limited,['dialogfitzroy.com']
97,Diana Isaac Retirement Village Limited,['']
98,Downer Construction (New Zealand) Limited,['']
99,Downer New Zealand Limited,['']
100,Downer Utilities New Zealand Limited,['']
101,EastPack Limited,"['eastpack.co.nz', 'eastpack-eg.com', 'eastpackers.nl']"
102,EastPack RSE Services Limited,['']
103,Edmund Hillary Retirement Village Limited,['']
104,Electrix Limited,"['lvelectrix.co.uk', 'electrixwest.com', 'electrixpro.com', 'electrixnortheastltd.co.uk', 'electrixservices.co.uk']"
105,Enterprise Recruitment AK Limited,['']
106,Enterprise Recruitment AK South Limited,['']
107,Enterprise Recruitment Chch Limited,['']
108,Enterprise Recruitment Health Limited,['']
109,Enterprise Recruitment Limited,"['enterprise.co.nz', 'enterpriserecruitment.com']"
110,Enterprise Recruitment Wgtn Limited,['']
111,Ernest Rutherford Retirement Village Limited,['']
112,Espana Motors Limited,['espanamotors.ie']
113,Essie Summers Retirement Village Limited,['']
114,Essity Australasia Limited,['asaleocare.com']
115,European Motor Distributors Limited,['']
116,Evelyn Page Retirement Village Limited,['']
117,Explore Services Limited,['']
118,Farmers Transport (2020) Limited,['farmerstransport.co.nz']
119,Fernhill Lime Works Limited,['']
120,Fire & Emergency New Zealand,"['firestonecompleteautocare.com', 'fire.nsw.gov.au', 'firehousesubs.com', 'firemountaingems.com', 'getfireshot.com']"
121,Fletcher Building Holdings Limited,['']
122,Fletcher Building Products Limited,['']
123,Fletcher Concrete and Infrastructure Limited,['']
124,Fletcher Construction Management Services Limited,['']
125,Fletcher Development Limited,"['fletcherdevelopmentllc.com', 'fletcherdevelopmentsinc.com']"
126,Fletcher Distribution Limited,['']
127,Fletcher Property Limited,"['fletcherpg.com.au', 'fletcherpropertyinspections.com']"
128,Fletcher Residential Limited,['']
129,Fletcher Steel Limited,"['fletcherreinforcing.co.nz', 'fletchersteel.co.nz']"
130,Fonterra Brands (New Zealand) Limited,['']
131,Fonterra Cooperative Group Limited,['']
132,Fonterra Limited,"['fonterra.com', 'fonterra.co', 'scamfreezone.org', 'fonterra.com.br', 'fonterra.net']"
133,Foodstuffs (South Island) Properties Limited,['']
134,Foodstuffs North Island Limited,['optimiseit.co.nz']
135,Foodstuffs South Island Limited,['']
136,Frances Hodgkins Retirement Village Limited,['']
137,Freight Haulage Limited,['freighthaulage.co.nz']
138,Freightways Express Limited,['']
139,Freightways Information Services Limited,['']
140,Fsni Transport Limited,['']
141,Fulton Hogan Limited,['fultonhogan.com']
142,General Distributors Limited,['']
143,George Weston Foods (NZ) Limited,['gwfbaking.co.nz']
144,Giltrap Group Holdings Limited,['']
145,Giltrap Motor Group Limited,['']
146,Giltrap Motors Limited,['']
147,Glenbrae Resthome and Hospital Limited,['']
148,Go Bus Transport Limited,['']
149,Go-Bus Holdings Limited,['']
150,Godfrey Hirst NZ Limited,['godfreyhirst.com']
151,Good Friends (2020) Limited,"['goodfriendsofthelowcountry.org', 'goodandfriends.com', 'goodfriends.studio', 'goodfriendsofwilmington.org', 'goodfriendsseguros.com.br']"
152,Goodman Fielder New Zealand Limited,['']
153,Goodman Fielder Treasury Pty Limited ,['']
154,Gough Group Limited,['']
155,Grace Joel Retirement Village Limited,['']
156,Great Auckland Motors Limited,['']
157,Greenlea Premier Meats Limited,['greenlea.co.nz']
158,H. W. Richardson Group Limited,['hwr.co.nz']
159,H.J. Heinz Company (New Zealand),['']
160,Hawkins 2017 Limited,"['hawkinsnewyork.com', 'hawkinscookers.com', 'hawkinsinc.com', 'hawkins-agri.co.uk', 'hawkins.film']"
161,Healthcare of New Zealand Limited,['']
162,Healthcare Shelf Company No. 43 Limited,['']
163,Healthcare Shelf Company No. 44 Limited,['']
164,Healthcare Shelf Company No. 45 Limited,['']
165,Healthcare Shelf Company No. 46 Limited,['']
166,Healthcare Shelf Company No.22 Limited,['']
167,Healthcare Shelf Company No.23 Limited,['']
168,Healthcare Shelf Company No.28 Limited,['']
169,Healthcare Shelf Company No.30 Limited,['']
170,Healthcare Shelf Company No.34 Limited,['']
171,Healthcare Shelf Company No.36 Limited,['']
172,Healthcare Shelf Company No.37 Limited,['']
173,Healthcare Shelf Company No.38 Limited,['']
174,Healthcare Shelf Company No.39 Limited,['']
175,Healthcare Shelf Company No.40 Limited,['']
176,Healthcare Shelf Company No.41 Limited,['']
177,Healthcarenz Limited,['healthcarenz.co.nz']
178,Heinz Wattie's Limited,['']
179,Hellers Group Holdings Limited,['']
180,Hellers Limited,"['hellers.dk', 'hellersearch.com', 'a-c-berlin.de', 'hellersafetysolutions.com', 'hellersforchildren.com']"
181,Higgins Contractors Limited,['']
182,Higgins Group Holdings Limited,['']
183,Hilda Ross Retirement Village Limited,['']
184,Hirepool Limited,"['hirepool.co.nz', 'hirepoolcareers.co.nz', 'hirepool.io']"
185,Hokonui Rural Transport Limited,['']
186,Holcim (New Zealand) Limited,"['holcimfoundation.org', 'holcim.com', 'holcim.az', 'holcim.com.vn', 'holcim.hu']"
187,Homes of Choice Limited,['']
188,Idea Services Limited,"['idea.org.nz', 'ideaservices.com.au', 'ideaservices.pe', 'ideaservices.it', 'ideaservicesrl.com']"
189,IHC New Zealand Incorporated,['']
190,Ilam Senior Living Limited ,['']
191,Inghams Enterprises (NZ) Pty Limited,['']
192,Iplex Pipelines NZ Limited,['iplex.com.au']
193,ISO Limited,"['iso.org', 'isolvedhcm.com', 'isothermal.edu', 'isoftstone.com', 'isotropic.co']"
194,Iss Facilities Services Limited,['']
195,ISS Holdings NZ Limited,['']
196,James Wattie Retirement Village Limited,['']
197,Jane Mander Retirement Village Limited,['']
198,Jane Winstone Retirement Village Limited,['']
199,Jean Sandel Retirement Village Limited,['']
200,Jeffcoats Building Supplies Limited,['']
201,Johnston’s Coaches,['']
202,Julia Wallace Retirement Village Limited,['']
203,Kailua Limited,"['kailua.co.kr', 'kailuaracquetclub.com', 'kailua.pt', 'kailuacanoeclub.com', 'kailuabaptist.org']"
204,Kapuka Transport Limited,['']
205,Keith Park Retirement Village Limited,['']
206,Kevin Hickman Retirement Village Limited,['']
207,Kinetic NZ Holdings Limited,['']
208,Kinsey Kydd Building Supplies Limited,['']
209,Kiri Te Kanawa Retirement Village Limited,['']
210,Kiwi Lumber (Dannevirke) Limited,['kiwilumber.com']
211,Kiwi Lumber (Gisborne) Limited,['kiwilumber.com']
212,Kiwi Lumber (Masterton) Limited,['kiwilumber.com']
213,Kiwi Lumber (Putaruru) Limited,['kiwilumber.com']
214,Kiwi Lumber Holdings Limited,['']
215,KiwiRail Holdings Limited,['']
216,KiwiRail Limited,"['kiwirail.co.nz', 'kiwirailfreight.co.nz']"
217,Kmart NZ Holdings Limited,['']
218,Knobs 'n Knockers Limited,['knobsnknockers.com']
219,Kura Limited,"['kurashiru.com', 'kurashi-no.jp', 'kuragebunch.com', 'kuranvemeali.com', 'kurasushi.com']"
220,Kusabs Building Supplies Limited,['']
221,Lamb Packers Feilding Limited,['']
222,Land Meat New Zealand Limited,['']
223,Landcorp Farming Limited,['']
224,Lansdowne Park Village Limited,['']
225,Lauriston Park Living Well Limited,['']
226,Leary Building Supplies Limited,['']
227,LIC Agritechnology Company Limited,['']
228,LIC Automation Limited,['']
229,Linda Jones Retirement Village Limited,['']
230,Lion Liquor Retail Limited,['']
231,Lion NZ Limited,"['liondesk.com', 'lionbridge.com', 'lioncomputer.com', 'lionbank.com', 'lionsgate.com']"
232,Livestock Improvement Corporation Limited,['']
233,Logan Campbell Retirement Village Limited,['']
234,Lyttelton Port Company Limited,['']
235,MacReady Building Supplies Limited,['']
236,Mainfreight International Limited ,['']
237,Mainfreight Limited,['mainfreight.com']
238,Malvina Major Retirement Village Limited,['']
239,Manufacturing Suppliers Limited,['']
240,Margaret Stoddart Retirement Village Limited,['']
241,Mary Doyle Healthcare Limited,['']
242,Matt Orr Building Supplies Limited,['']
243,Mayfair Lifecare (2008) Limited,['']
244,McGill Building Supplies Limited,['']
245,McInnes Building Supplies Limited,['']
246,Mercury NZ Limited,"['mercurynews.com', 'mercury.com', 'mercurycards.com', 'mercuryinsurance.com', 'mercuryvmp.com']"
247,Messenger Services Limited,['']
248,Metal Line Roofing Limited,['metal-line.co.uk']
249,Metalcraft Insulated Panels Limited,['']
250,Metlifecare Limited,"['metlifecare.co.nz', 'metlifecare.kiwi', 'metlifecareers.com']"
251,Metlifecare Retirement Villages Limited,['']
252,Mico New Zealand Limited,['']
253,Millier Reinforcing Limited,['']
254,"Ministry of Business, Innovation and Employment",['mbie.govt.nz']
255,Ministry of Health,"['mohw.gov.tw', 'moh.gov.sa', 'moh.gov.my', 'health.gov.il', 'mohw.go.kr']"
256,Ministry of Social Development,"['msd.govt.nz', 'social.gov.tt']"
257,Miriam Corban Retirement Village Limited,['']
258,Molly Ryan Lifecare (2007) Limited ,['']
259,Motorcorp Distributors Limited,['']
260,Mount Cook Airline Limited,['']
261,Move Freight Limited,"['movefreight.com', 'movefreighttrucking.com']"
262,Move Fuel Limited,['']
263,Move Investments Limited,['']
264,Move Logistics & Warehousing Limited,"['movelogistics.com', 'movelogistics.net', 'movelogistics.md']"
265,Move Logistics Group Limited,['movelogistics.com']
266,Move Specialist Lifting & Transport Limited,['']
267,Murdoch Manufacturing Limited,['']
268,Murray Halberg Retirement Village Limited,['']
269,MyMilk Limited,"['mymilkman.ie', 'mymilkybaby.com', 'mymilkshakesj.com', 'mymilkncookies.com', 'mymilkcrate.co']"
270,Mytransport Innovations Limited,['']
271,National Institute of Water & Atmospheric Research Limited,['']
272,Nationwide Transport Limited,"['nwtransportation.com', 'nationwidetransportation.com', 'ntwdtrans.com', 'ntbs.co.uk', 'ntds.co.uk']"
273,New Plymouth District Council,['npdc.govt.nz']
274,New Zealand Aluminium Smelters Limited,['']
275,New Zealand Bus Finance Company Limited,['']
276,New Zealand Bus Limited,"['nzbn.govt.nz', 'businesslist.nz', 'nzba.org', 'nzwomen.co.uk', 'nzbfb.co.nz']"
277,New Zealand Bus Tauranga Limited,['']
278,New Zealand Couriers Limited,['nzcouriers.co.nz']
279,New Zealand Cricket Incorporated,['']
280,New Zealand Dairy Board,['']
281,New Zealand Defence Force,['nzdf.mil.nz']
282,New Zealand Document Exchange Limited,['']
283,New Zealand Police Department,['']
284,New Zealand Post Limited,['']
285,New Zealand Rugby Commercial Limited Partnership,['']
286,New Zealand Rugby Union Incorporated,['']
287,New Zealand Steel Limited,"['nzsteel.co.nz', 'colorsteel.co.nz']"
288,New Zealand Sugar Company Limited,['']
289,Ngaio Marsh Retirement Village Limited,['']
290,NIWA Natural Solutions Limited,['']
291,NIWA Vessel Management Limited,['']
292,North Star Motors Limited,"['northstarmotorsports.com', 'northstarmotors.com.au', 'northstar-motorsports.com', 'northstarmotorsredding.com']"
293,Now Couriers Limited,['nowcourierservice.com']
294,NZ Bidco Limited,['']
295,NZB Finco Limited,['']
296,NZB Holdco Limited,['']
297,Nzcommunity Living Limited,['']
298,Oakwoods Lifecare (2012) Limited,['']
299,Oceania Care Company Limited,['']
300,Oceania Group (NZ) Limited,['oceania-group.com']
301,Oceania Healthcare Limited,['oceaniahealthcare.co.nz']
302,Oceania Village Company Limited,['']
303,Oji Fibre Solutions (NZ) Limited,['ojifsfoodservice.com.au']
304,OJI OCEANIA MANAGEMENT (NZ) LIMITED,['']
305,Olive Tree Holdings Limited,['olivetreeholdings.com']
306,One New Zealand Group Limited,['']
307,OneStaff (Auckland) Limited,"['99onestaffing.com', 'onestaffing.com', 'onestaff.ro', 'onestaffingsolutions.com', 'one2staffing.com']"
308,OneStaff (BOP) Limited,"['99onestaffing.com', 'onestaffing.com', 'onestaff.ro', 'onestaffingsolutions.com', 'one2staffing.com']"
309,OneStaff (Christchurch) Limited,"['99onestaffing.com', 'onestaffing.com', 'onestaff.ro', 'onestaffingsolutions.com', 'one2staffing.com']"
310,OneStaff (Dunedin) Limited,"['99onestaffing.com', 'onestaffing.com', 'onestaff.ro', 'onestaffingsolutions.com', 'one2staffing.com']"
311,OneStaff (Hamilton) Limited,"['99onestaffing.com', 'onestaffing.com', 'onestaff.ro', 'onestaffingsolutions.com', 'one2staffing.com']"
312,OneStaff (Hawkes Bay) Limited,"['99onestaffing.com', 'onestaffing.com', 'onestaff.ro', 'onestaffingsolutions.com', 'one2staffing.com']"
313,OneStaff (International) Limited,"['99onestaffing.com', 'onestaffing.com', 'onestaff.ro', 'onestaffingsolutions.com', 'one2staffing.com']"
314,OneStaff (Nelson) Limited,"['99onestaffing.com', 'onestaffing.com', 'onestaff.ro', 'onestaffingsolutions.com', 'one2staffing.com']"
315,OneStaff (New Plymouth) Limited,"['99onestaffing.com', 'onestaffing.com', 'onestaff.ro', 'onestaffingsolutions.com', 'one2staffing.com']"
316,OneStaff (Palmerston North) Limited,"['99onestaffing.com', 'onestaffing.com', 'onestaff.ro', 'onestaffingsolutions.com', 'one2staffing.com']"
317,OneStaff (Queenstown/Invercargill) Limited,"['99onestaffing.com', 'onestaffing.com', 'onestaff.ro', 'onestaffingsolutions.com', 'one2staffing.com']"
318,OneStaff (Wellington) Limited,"['99onestaffing.com', 'onestaffing.com', 'onestaff.ro', 'onestaffingsolutions.com', 'one2staffing.com']"
319,OneStaff Limited,"['99onestaffing.com', 'onestaffing.com', 'onestaff.ro', 'onestaffingsolutions.com', 'one2staffing.com']"
320,Online Security Services Limited,['']
321,Oranga Tamariki - Ministry for Children,['orangatamariki.govt.nz']
322,Ovation New Zealand Limited,['']
323,Owens Group Limited,"['owensgroup.co.kr', 'owensgroup.uk', 'owensgroup.com', 'owensgroupservices.com']"
324,Owens Transport Limited,"['owens.co.nz', 'owenstransportation.com', 'owenstransport.com']"
325,Pacific Aluminium (New Zealand) Limited,['pacificaluminium.com.au']
326,PAE (New Zealand) Limited,"['paessler.com', 'paeaonline.org', 'paesionline.it', 'pae-engineers.com', 'paesenews.it']"
327,Pan Pac Forest Products Limited,"['panpacjobs.co.nz', 'panpac.co.nz']"
328,Parceline Express Limited,['']
329,Park Lane Lifecare Limited,['']
330,Park Terrace NO. 2 Limited,['']
331,Paul Robinson Building Supplies Limited,['']
332,Penny Engineering Limited,['']
333,PGG Wrightson Limited,"['pggwrightson.co.nz', 'pggwre.co.nz', 'pgw.com.uy', 'pggwrightsonseeds.com']"
334,PGG Wrightson Real Estate Limited,['pggwre.co.nz']
335,Pinpoint Laboratory Services Limited,['']
336,Pipemakers (NZ) Limited,"['pipemakers.org', 'pipemakers.co.nz', 'pipemakersmackay.com.au']"
337,Placemakers Christchurch Limited,['']
338,Placemakers Waiheke Limited,['']
339,Placemakers Wanaka Limited,['']
340,Ports of Auckland Limited,['poal.co.nz']
341,Possum Bourne Retirement Village Limited,['']
342,Post Haste Limited,"['posthaste.co.nz', 'posthastedigital.com', 'posthastebrewing.com', 'posthastehandyman.com', 'posthastemailing.com']"
343,Powell Transport Limited,['powelltransportation.com']
344,Powernet Limited,"['powernet.vn', 'phsnet.com.br', 'powernetinformatica.it', 'powernetups.com.br', 'powernetenergy.lk']"
345,PPCS Limited,"['ppcsteps.com', 'ppcsamurai.com', 'redrock.digital', 'ppcsprout.com', 'ppcsantana.com']"
346,Progress Capital Limited,"['progresscapital.com', 'progresscapital.ca', 'progress-cap.com', 'progresscapitalllc.com']"
347,Progressive Meats Limited,['']
348,Quattro Motors Limited,"['quattromotors.com', 'audi-metz.fr', 'byfcars.com', 'quattromotors1.com']"
349,Queenstown Country Club Living Well Limited,['']
350,Queenstown Country Club Village Limited,['']
351,Ravensdown Aerowork Limited,['']
352,Ravensdown Development Limited,['']
353,Ravensdown Limited,['ravensdown.co.nz']
354,Ravensdown Ventures Limited ,['']
355,Raylight Aluminium Limited,['']
356,RD1 Limited,"['rd.com', 'rdrr.io', 'rd.go.th', 'rdstation.com.br', 'rds.ca']"
357,Recreational Services Limited,['rs.kiwi.nz']
358,Red Stag Timber Limited,"['redstagtimber.co.nz', 'redstagtimberlab.co.nz']"
359,Reece Building Supplies Limited,['']
360,Reofab Limited,['reofab.co.nz']
361,Restaurant Brands Limited,"['rbi.com', 'burgerking.in', 'restaurantbrands.co.nz', 'restaurantbrands.com']"
362,Rhodes on Cashmere Healthcare Limited,['']
363,Rita Angus Retirement Village Limited,['']
364,Riverlands Eltham Limited,['']
365,Riverlands Limited ,"['riverlandshoes.com', 'riverlandstudios.com', 'riverlandstaffing.com', 'riverlandsports.nl', 'riverlandsheds.com.au']"
366,Riverlands Manawatu Limited,['']
367,Rowena Jackson Retirement Village Limited,['']
368,Ryal Bush Transport Ashburton Limited,['']
369,Ryal Bush Transport Limited,['ryalbushtransport.co.nz']
370,Ryman Cambridge Retirement Village Limited,['']
371,Ryman Healthcare Limited,"['rymanhealthcare.co.nz', 'rymanhealthcare.com.au']"
372,Ryman Napier Limited,['']
373,Ryman Northwood Retirement Village Limited,['']
374,Sanford Fish Market Limited,['']
375,Sanford Limited,"['sanfordhealth.org', 'sanfordfl.gov', 'sanfordhealthplan.com', 'sanfordguide.com', 'sbpdiscovery.org']"
376,Schofield & Co Limited,"['schofieldwatchcompany.com', 'schofieldcapital.com', 'schofieldwi.com', 'schofieldvisioncenter.com', 'jbschofieldandsons.co.uk']"
377,Sealord Group Limited,['sealordhotels.com']
378,Seat Store Limited,['']
379,Shona McFarlane Retirement Village Limited,['']
380,Silver Fern Farms Limited,['silverfernfarms.com']
381,Skellerup Holdings Limited,"['skellerupholdings.com', 'skellerupholdings.co.nz']"
382,Skellerup Industries Limited,"['skellerupfootwear.us', 'skellerupfootwear.com']"
383,Skellerup Rubber Services Limited,['']
384,Skybus NZ Limited,"['skybus.com.au', 'skybizcentre.com', 'skybus.es', 'skybusinesscentres.com', 'skybusinesscenter.com.pa']"
385,SkyCity Entertainment Group Limited,['skycityentertainmentgroup.com']
386,Skycity Management Limited,['']
387,Solora Limited,"['soloracer.com', 'solorace.cl', 'solorad.ie', 'solofabs.co.uk', 'solo-rally.com']"
388,South Pacific Meats Limited,['']
389,Southbound Building Supplies Limited,['']
390,Southern Cross Healthcare Limited,['intellectualdisability.co.nz']
391,Southern Transport Company Limited,['']
392,Southroads Limited,"['southroad.sa.gov.au', 'southroads.co.nz']"
393,Spark New Zealand Limited,['']
394,Spark New Zealand Trading Limited,['']
395,Spectrum Care Limited,"['spectrumcareers.com', 'spectrumcareacademy.com', 'spectrumcare.org.nz', 'spectrumcmc.com', '1300helpers.com']"
396,Spotless Facility Services (NZ) Limited,['spotless-facility-services.com']
397,St Albans Lifecare Limited,['']
398,St Allisa Rest Home (2010) Limited,['']
399,Stanley Building Supplies Limited,['']
400,Steel & Tube Holdings Limited,"['steelseries.com', 'steelcase.com', 'steelers.com', 'steelersdepot.com', 'steelcitycollectibles.com']"
401,Steel Building Products (Central) Limited,['']
402,Steel Building Products (Northern) Limited,['']
403,Steel Building Products (South Island) Limited,['']
404,Steel Building Products (Southern) Limited,['']
405,Steltech Structural Limited,['']
406,Straitnz Bluebridge Limited,['']
407,Straitnz Freight Forwarding Limited,['']
408,Straitnz Holdings Limited,['']
409,Straitnz Limited,['straitnz.co.nz']
410,Straitnz Linehaul Limited,['']
411,Strathallan Healthcare Limited,['']
412,Styrobeck Limited,['styrobeck.co.nz']
413,Summerset Care Ltd,['']
414,Summerset Group Holdings Ltd,['summerset.co.nz']
415,Summerset Holdings Ltd,['']
416,Summerset Management Group Limited,['']
417,Tait International Limited,['']
418,Talentia Limited,"['talentiazzurri.com', 'talentia.in', 'talentiacasa.nl', 'bambiniacasa.nl', 'talentiapl.it']"
419,Talley's Group Limited,['']
420,Talley's Group Management Limited,['']
421,Talley's Limited,"['talleys.co.nz', 'talleysawmill.co.uk', 'talleysbbq.com', 'talleysolutions.net', 'talleysroofing.com']"
422,Tasman Insulation New Zealand Limited,['']
423,Tasman Steel Holdings Limited,['']
424,Taylor Preston Limited,['taylorpreston.co.nz']
425,TDX Limited,"['tdx.biz', 'tdxltd.co.uk', 'tdxcorp.com', 'tdxassociates.com', 'tdxcore.com']"
426,Te Puna Waiora RV Limited,['']
427,"Te Whatu Ora – Health New Zealand Capital, Coast and Hutt Valley (Capital Coast)",['']
428,"Te Whatu Ora – Health New Zealand Capital, Coast and Hutt Valley (Hutt Valley)",['']
429,Te Whatu Ora – Health New Zealand Counties Manukau,['']
430,Te Whatu Ora – Health New Zealand Nelson Marlborough,['']
431,Te Whatu Ora – Health New Zealand Southern,['']
432,Te Whatu Ora – Health New Zealand Taranaki,['']
433,Te Whatu Ora – Health New Zealand Te Matau a Māui Hawke's Bay,['']
434,Te Whatu Ora – Health New Zealand Te Pae Hauora o Ruahine o Tararua MidCentral,['']
435,Te Whatu Ora – Health New Zealand Te Tai Tokerau,['']
436,Te Whatu Ora – Health New Zealand Te Toka Tumai Auckland,['']
437,Te Whatu Ora – Health New Zealand Waikato,['']
438,Te Whatu Ora – Health New Zealand Waitaha Canterbury,['']
439,Te Whatu Ora – Health New Zealand Waitematā,['']
440,Te Whatu Ora – Health New Zealand Whanganui,['']
441,Te Whatu Ora – Health New Zealand Hauora a Toi Bay of Plenty,['']
442,Tenon Clearwood Ltd Partnership,['tenonclearwood.com']
443,Terra Industrial Finance Limited ,['']
444,Terra Industrial New Zealand Limited ,['']
445,The Car Distribution Group Limited ,['']
446,The Cascades Retirement Resort Limited,['']
447,The Emerson Brewing Company Limited,['']
448,The Fletcher Construction Company Limited,['']
449,The Information Management Group (NZ) Limited,['']
450,The Spectrum Foundation,['']
451,The Supplychain Limited,"['supplychainacademy.co.za', 'supplychainacademy.org.uk', 'thesupplychain101.com', 'supply-chain.academy', 'thesupplychainclinic.com']"
452,The Wanganui Abattoir Company Limited,['']
453,The Warehouse Group Limited,"['thewarehousegroup.co.nz', 'warehousegroup.ca', 'twgcareers.co.nz', 'warehousemalta.com']"
454,The Warehouse Limited,"['thewarehouse.co.nz', 'thewarehouseatcc.com', 'thewarehouse.pk', '13thewarehouse.co.uk', 'thewarehousela.com']"
455,The Wood Lifecare (2007) Limited,['']
456,Transport Services Southland Limited,['']
457,Transport South Island Logistics Limited,['']
458,Transportation Auckland Corporation Limited,['']
459,Tui Topco Limited,['']
460,Ultralon Foam International Limited,['']
461,United Fisheries Holdings Limited,['']
462,United Fisheries Limited,['unitedfisheries.co.nz']
463,United Steel and Retail Group Limited,['']
464,United Steel Limited,"['united-steel.com', 'unitedsteel.co.nz', 'unitedsteel.com', 'usw1-1937.ca', 'unitedsteel.com.au']"
465,United Timber Merchants Limited,['']
466,University of Auckland,"['fsae.co.nz', 'uoacaseclub.co.nz', 'uoamootingsociety.com', 'debating.co.nz', 'uoascientific.com']"
467,University of Otago,"['otago.ac.nz', 'hydsjt.com']"
468,University of Waikato,"['execed.ac.nz', 'radiocarbondating.com', 'mass-spec.co.nz']"
469,Vehicle Testing New Zealand Limited,['']
470,Venison Rotorua Limited,['']
471,Ventia NZ Operations Limited,['']
472,Views Lifecare Limited,['']
473,Visy Glass Operations (NZ) Limited,['']
474,Vivid Living Limited,['vividliving.co.nz']
475,Waikanae Country Lodge Limited,['']
476,Waimea Plains Living Well Limited,['']
477,Waipa Corporation Limited,['']
478,Walters Transport Limited,['walterstransportinc.net']
479,Waste Management NZ Limited ,"['wm.com', 'wmabc.ca', '360wastemanagement.co.uk', 'wmam.org', '4waste.co.za']"
480,Watercare Services Limited,"['watercare.co.nz', 'watercareservices.org']"
481,Wellington City Council,['wellington.govt.nz']
482,Wellington City Transport Limited,['']
483,Westpac New Zealand Limited,['']
484,William Sanders Retirement Village Limited,['']
485,Wilson Hellaby Limited,['']
486,Winstone Wallboards Limited,['']
487,Woolworths New Zealand Limited,['']
488,Yvette Williams Retirement Village Limited,['']
